observation,fatigue_life_thousand_cycles
1,370
2,1016
3,1235
4,1419
5,1567
6,1820
7,706
8,1018
9,1238
10,1420
11,1578
12,1868
13,716
14,1020
15,1252
16,1420
17,1594
18,1881
19,746
20,1055
21,1258
22,1450
23,1602
24,1890
25,785
26,1085
27,1262
28,1452
29,1604
30,1893
31,797
32,1102
33,1269
34,1475
35,1608
36,1895
37,844
38,1102
39,1270
40,1478
41,1630
42,1910
43,855
44,1108
45,1290
46,1481
47,1642
48,1923
49,858
50,1115
51,1293
52,1485
53,1674
54,1940
55,886
56,1120
57,1300
58,1502
59,1730
60,1945
61,886
62,1134
63,1310
64,1505
65,1750
66,2023
67,930
68,1140
69,1313
70,1513
71,1750
72,2100
73,960
74,1199
75,1315
76,1522
77,1763
78,2130
79,988
80,1200
81,1330
82,1522
83,1768
84,2215
85,990
86,1200
87,1355
88,1530
89,1781
90,2268
91,1000
92,1203
93,1390
94,1540
95,1782
96,2440
97,1010
98,1222
99,1416
100,1560
101,1792
